Text,Image Link,Page Link
Trendsetter -Upscale Living -New Trendy Look Very Stylish Black Sunglass for Men 2023- Inventive Choice Qualityful - Easy To care and Longive,https://img.drz.lazcdn.com/g/kf/S55f073b756da431289df455270e6f303d.jpg_200x200q80.avif,https://www.daraz.com.bd/products/2023-i465829987.html
Trendsetter -Upscale Living -New Trendy Look Very Stylish Black Sunglass for Men 2022- Inventive Choice Qualityful - Easy To care and Longive,https://img.drz.lazcdn.com/g/kf/S4d1b914c9206401b81bf82a463ac762eq.jpg_200x200q80.avif,https://www.daraz.com.bd/products/2022-i368377029.html
HD Night Vision Sunglasses 2peices,https://img.drz.lazcdn.com/static/bd/p/dd6eecb4c824064b5b082460601ef930.jpg_200x200q80.avif,https://www.daraz.com.bd/products/hd-i318528071.html
Casual Sunglasses for Men - Black Lens White Frame Sun Glass,https://img.drz.lazcdn.com/g/kf/S0df96178c21145f080b833e142bf835aQ.jpg_200x200q80.avif,https://www.daraz.com.bd/products/casual-sunglasses-for-men-black-lens-white-frame-sun-glass-i368384921.html
Anti blue rays computer Glasses for Men & Women | Blue Light Coating Gaming Glasses for computer protection,https://img.drz.lazcdn.com/g/kf/S6c73e9fd42544c5bb0dc101841cc4ac41.jpg_200x200q80.avif,https://www.daraz.com.bd/products/anti-blue-rays-computer-glasses-for-men-women-blue-light-coating-gaming-glasses-for-computer-protection-i368370792.html
Fashionable Anti-reflective and radiation proof Black to White Sunglass for men,https://img.drz.lazcdn.com/g/kf/S7265beb1035f4747b0d84298f0aa5515T.jpg_200x200q80.avif,https://www.daraz.com.bd/products/fashionable-anti-reflective-and-radiation-proof-black-to-white-sunglass-for-men-i368375151.html
Wafare sunglass for Men,https://img.drz.lazcdn.com/g/kf/S1e39e44687c044eb85620a4e5521fd514.jpg_200x200q80.avif,https://www.daraz.com.bd/products/wafare-i465920100.html
White Frame Sunglass For Men,https://img.drz.lazcdn.com/g/kf/Se6dbd7f388b94354a8e872d598238485s.jpg_200x200q80.avif,https://www.daraz.com.bd/products/white-frame-sunglass-for-men-i368388641.html
Wayfare Sunglass for Men,https://img.drz.lazcdn.com/g/kf/S17f2fd212b8d49df90b9d9782fc68072O.jpg_200x200q80.avif,https://www.daraz.com.bd/products/wayfare-sunglass-for-men-i368374597.html
New sunglasses for man bhuiyan optics,https://img.drz.lazcdn.com/g/kf/S0e1cba1b3b5c41c083a5f209be7e1beaQ.jpg_200x200q80.avif,https://www.daraz.com.bd/products/new-sunglasses-for-man-bhuiyan-optics-i368379131.html
Anti-reflective UV400 Squre sunglass for men,https://img.drz.lazcdn.com/g/kf/S1e486a4782b24069bd65a285875e64936.jpg_200x200q80.avif,https://www.daraz.com.bd/products/anti-reflective-uv400-squre-sunglass-for-men-i368378017.html
Wayfarer Sunglasses For Man - Sun Glass For Men,https://img.drz.lazcdn.com/g/kf/S3cd803c68bbf40228c669ef6c9a54c6db.jpg_200x200q80.avif,https://www.daraz.com.bd/products/wayfarer-sunglasses-for-man-sun-glass-for-men-i368371711.html
Fashionable Metal Frame Rectangle Sunglass with Small Box,https://img.drz.lazcdn.com/g/kf/Sb15104b8e01a40ed8e99b419b915de24x.jpg_200x200q80.avif,https://www.daraz.com.bd/products/fashionable-metal-frame-rectangle-sunglass-with-small-box-i368409175.html
Transparent Frame Sunglass for Men,https://img.drz.lazcdn.com/g/kf/S13a4c4bcd5be40c1810a4aeac90b15bdZ.jpg_200x200q80.avif,https://www.daraz.com.bd/products/transparent-frame-sunglass-for-men-i368398990.html
Retro Rectangle Square Frame Sunglasses for Summer Outdoor Sun Protection. Retro Rectangle Square Frame Vintage Sunglasses For Men & Women. Retrio Clebrity Sunglasses. #tt2,https://img.drz.lazcdn.com/static/bd/p/7eb299d27d648e50cff37081a594ebfe.jpg_200x200q80.avif,https://www.daraz.com.bd/products/retro-rectangle-square-frame-sunglasses-for-summer-outdoor-sun-protection-retro-rectangle-square-frame-vintage-sunglasses-for-men-women-retrio-clebrity-sunglasses-tt2-i352273679.html
New Casual White Glasses Anti Blue Rays Computer Glasses Men Women Blue Light Glasses - Sun Glass For Men,https://img.drz.lazcdn.com/static/bd/p/753eefd72f91c29c714439265977127e.jpg_200x200q80.avif,https://www.daraz.com.bd/products/new-casual-white-glasses-anti-blue-rays-computer-glasses-men-women-blue-light-coating-gaming-glasses-sun-glass-for-men-i225080120.html
New Trendy Look Very Stylish Black Sunglass For Men 2024,https://img.drz.lazcdn.com/g/kf/S63ae2e1feb224db59c0c62e926cbcc05x.jpg_200x200q80.avif,https://www.daraz.com.bd/products/new-trendy-look-very-stylish-black-sunglass-for-men-2024-i368373982.html
Retro celebrity Black Square Sunglasses men-women Rectangle Luxury Brand Designer Sun Glasses for Female Gradient Clear Small Lens T2.1,https://img.drz.lazcdn.com/static/bd/p/399475e323eb430738a76a3782f74add.jpg_200x200q80.avif,https://www.daraz.com.bd/products/t21-i326922413.html
Dashing Sunglasses For Men - Sun Glass For Men - Sun Glass For Men - Sun Glass,https://img.drz.lazcdn.com/g/kf/S385cdee3b3a0412cab201c9a60e309aev.jpg_200x200q80.avif,https://www.daraz.com.bd/products/dashing-sunglasses-for-men-sun-glass-for-men-sun-glass-for-men-sun-glass-i368380218.html
Retro celebrity Square Sunglasses men-women Rectangle Luxury Brand Designer Sun Glasses for Female Gradient Clear Small Lens tt2,https://img.drz.lazcdn.com/static/bd/p/f6b9669f5906c9cb071fb342f684fbdd.jpg_200x200q80.avif,https://www.daraz.com.bd/products/tt2-i326920378.html
Very High Quality New Trendy Look Metal Body Sunglasses - Sun Glass For Men,https://img.drz.lazcdn.com/static/bd/p/1038fe95c5b88c30410a9ddec70094bd.jpg_200x200q80.avif,https://www.daraz.com.bd/products/-i221261409.html
Wayfar Sunglasses for Men - Sun Glass For Men,https://img.drz.lazcdn.com/g/kf/Sa4ec2265628a42f39802f84bb94322d0R.jpg_200x200q80.avif,https://www.daraz.com.bd/products/wayfar-sunglasses-for-men-sun-glass-for-men-i368378143.html
Metal Sunglasses for Men - Black and Golden Steel Sun Glass,https://img.drz.lazcdn.com/g/kf/S20214ec0437147fc866edf772f87d693b.jpg_200x200q80.avif,https://www.daraz.com.bd/products/metal-sunglasses-for-men-black-and-golden-steel-sun-glass-i368369989.html
"Retro Rectangle Square Frame Stylish Sunglasses for men,women Summer Outdoor Sun Protection | Vintage Sunglasses Men Women Sunglasses Cycling Sunglasses Travel #tt2",https://img.drz.lazcdn.com/static/bd/p/a2788108aa906fa30888ad3bad2239ce.jpg_200x200q80.avif,https://www.daraz.com.bd/products/retro-rectangle-square-frame-stylish-sunglasses-for-menwomen-summer-outdoor-sun-protection-vintage-sunglasses-men-women-sunglasses-cycling-sunglasses-travel-tt2-i318221474.html
Black Kabir Singh Sunglass For Men,https://img.drz.lazcdn.com/g/kf/S11e958ac7ac24ae38bf1a5c82912a52dR.jpg_200x200q80.avif,https://www.daraz.com.bd/products/black-kabir-singh-sunglass-for-men-i368375234.html
New Casual White Glasses Anti blue rays Computer Glasses Men Blue Light Glasses,https://img.drz.lazcdn.com/static/bd/p/48751f1e94a6ea1141b72e0571eb124c.jpg_200x200q80.avif,https://www.daraz.com.bd/products/-i225084102.html
New tiktok sunglass for man - Sun Glass For Men - Sunglasses For Men - চশমা ছেলেদের - Sun Glass For Men,https://img.drz.lazcdn.com/static/bd/p/03a0ee6b947e371dfe473fd36701cf27.jpg_200x200q80.avif,https://www.daraz.com.bd/products/new-tiktok-sunglass-for-man-sun-glass-for-men-sunglasses-for-men-sun-glass-for-men-i208519728.html
New Ray-Ban wayfar High Quality Frame Mirror Lens New Stylish Sunglasses For Men,https://img.drz.lazcdn.com/static/bd/p/f6bf22e4f3ffbe13aa67c19b1e848981.jpg_200x200q80.avif,https://www.daraz.com.bd/products/-i363130571.html
Trendsetter -Upscale Living -New Trendy Look Very Stylish Black Sunglass for Men 2023- Inventive Choice Qualityful - Easy To care and Longive,https://img.drz.lazcdn.com/static/bd/p/57814eb172a14ec0d1bdb328d1b6e4e4.jpg_200x200q80.avif,https://www.daraz.com.bd/products/2023-i526120945.html
Trandy Black New Stylish Sunglasses for Men,https://img.drz.lazcdn.com/g/kf/S0c378d5fa9224a0c9c3abc74b5977443q.jpg_200x200q80.avif,https://www.daraz.com.bd/products/trandy-black-new-stylish-sunglasses-for-men-i368373317.html
High Quality Polarized Sunglass For Men - Sun Glass For Men,https://img.drz.lazcdn.com/static/bd/p/be494a4318b58bddd39aebb17a172ed9.jpg_200x200q80.avif,https://www.daraz.com.bd/products/-i184101022.html
White Frame Sunglass Stylish Men,https://img.drz.lazcdn.com/g/kf/Scb370f0fb6ee4c7da6d9e092502145bf7.jpg_200x200q80.avif,https://www.daraz.com.bd/products/-i409858086.html
Exclusive Fashionable Design Man Sunglass Exclusive Fashionable,https://img.drz.lazcdn.com/static/bd/p/5b8bc855388255c55c54f72411f2ed15.jpg_200x200q80.avif,https://www.daraz.com.bd/products/-i349400657.html
Veithdia Polarized Sunglass For Men P - Sun Glass,https://img.drz.lazcdn.com/static/bd/p/88cf8c5191aef1738ae79a8f3664dc4e.jpg_200x200q80.avif,https://www.daraz.com.bd/products/veithdia-polarized-sunglass-for-men-p-sun-glass-i208510785.html
Kabir Singh blue sunglasses for man,https://img.drz.lazcdn.com/static/bd/p/4dcb2821e6554f47fbe1d3dfc369d2db.jpg_200x200q80.avif,https://www.daraz.com.bd/products/kabir-singh-blue-sunglasses-for-man-i314602401.html
Most Demanding Ringmaster 400UV Protection Sunglasses,https://img.drz.lazcdn.com/g/kf/S680e11fb015a4cf7809641d290f53594J.jpg_200x200q80.avif,https://www.daraz.com.bd/products/400uv-i525827856.html
New Men Fashionable Black Sunglasses Black Vision Driving Uv Protection Party Travel Sunglasses Best Sunglasses - Sun Glass For Men,https://img.drz.lazcdn.com/g/kf/S980df5bb43d840148e34df6f455be1786.jpg_200x200q80.avif,https://www.daraz.com.bd/products/uv-i524422395.html
নমনীয় এবং আরামদায়ক স্টাইলিশ সম্পূর্ণ কালো সানগ্লাস (252583185),https://img.drz.lazcdn.com/static/bd/p/c8061f7da6e69ab9ed5d776f78120aee.jpg_200x200q80.avif,https://www.daraz.com.bd/products/252583185-i252583185.html
Indispensable -Quality And Durablity -NEW TIKTOK VEITHDIA Polarized Sunglass for Men- Innovative Preferble - Low Hassle and Maintanance,https://img.drz.lazcdn.com/static/bd/p/64aa5e42ad712332082388d282c77697.jpg_200x200q80.avif,https://www.daraz.com.bd/products/-i484970730.html
New Trendy Look Very Stylish Black Sunglass for Men 2024,https://img.drz.lazcdn.com/static/bd/p/d53a42f721ef789c818d8d0e2bd16b32.jpg_200x200q80.avif,https://www.daraz.com.bd/products/new-trendy-look-very-stylish-black-sunglass-for-men-2024-i344031015.html
Metal Frame Sunglasses - White - Fashionable Shades for Every Occasion,https://img.drz.lazcdn.com/g/kf/S2abaacd227ca40e1adce6ad467918a08E.jpg_200x200q80.avif,https://www.daraz.com.bd/products/metal-frame-sunglasses-white-fashionable-shades-for-every-occasion-i368369000.html
"New Stylish Eyewear Frames for Men and Women | Trendy, Durable, and Comfortable",https://img.drz.lazcdn.com/g/kf/Sc1829f02a19241c2b2df7dda3fb7b2f9M.jpg_200x200q80.avif,https://www.daraz.com.bd/products/new-stylish-eyewear-frames-for-men-and-women-trendy-durable-and-comfortable-i490604933.html
Rectangular Black MC Stan sunglasses,https://img.drz.lazcdn.com/g/kf/S4cfbd8a8d4a2480e95aa6238a23b5c1bt.jpg_200x200q80.avif,https://www.daraz.com.bd/products/rectangular-black-mc-stan-sunglasses-i368371490.html
Wafare Sunglass For Men - Sun Glass For Men - Sunglasses For Men,https://img.drz.lazcdn.com/static/bd/p/e49cfc5dd80099d089158ee288888a84.jpg_200x200q80.avif,https://www.daraz.com.bd/products/wafare-i324201579.html
VEITHDIA Polarized Sunglass for Men - Sun Glass For Men,https://img.drz.lazcdn.com/static/bd/p/03a0ee6b947e371dfe473fd36701cf27.jpg_200x200q80.avif,https://www.daraz.com.bd/products/veithdia-polarized-sunglass-for-men-sun-glass-for-men-i214297546.html
Metal Glasses Frame Anti-blue Light Fashion Glasses,https://img.drz.lazcdn.com/static/bd/p/1533a2385f04d0bd98a22a841cc90a02.jpg_200x200q80.avif,https://www.daraz.com.bd/products/-i131910008.html
Whimsical Understated -Craftsmanship and Trendy -Stylish Looking Unisex Fashion Glasses - Sun Glass For Men- Progressively Better,https://img.drz.lazcdn.com/static/bd/p/1bcd33eb0aca405da6b200c97fd2f7d7.jpg_200x200q80.avif,https://www.daraz.com.bd/products/whimsical-i472478011.html
Sun Glass For Men High Quality & Full Black Sunglass Stylish & Fashionable Mate Black Frame Plastic Body,https://img.drz.lazcdn.com/g/kf/S22dda80bf59b430e878d30f82951002fL.jpg_200x200q80.avif,https://www.daraz.com.bd/products/-i523743702.html
2024 New Stylish And Fashionable Trendy Small Square Sunglasses - Sun Glass For Men,https://img.drz.lazcdn.com/static/bd/p/2c97a726f4f1108712e10a6147d749b4.png_200x200q80.avif,https://www.daraz.com.bd/products/2024-i208097375.html
New Men Fashionable Sunglasses Black Vision Driving Uv Protection Party Best Sunglasses - Sun Glass For Men,https://img.drz.lazcdn.com/static/bd/p/85ae3abeb4b0faf1ab223173b473ea0a.jpg_200x200q80.avif,https://www.daraz.com.bd/products/uv-i327696714.html
Polarized Driving Sport Square Sunglass Men - Black - Sun Glass,https://img.drz.lazcdn.com/static/bd/p/e9e1ceb59aab3313bd1f908ebfdf3125.jpg_200x200q80.avif,https://www.daraz.com.bd/products/-i208088740.html
VEITHDIA Polarized Sunglass for Men - Sun Glass For Men,https://img.drz.lazcdn.com/static/bd/p/d032d3b5d2a0b43d0c83065fa8414a2b.jpg_200x200q80.avif,https://www.daraz.com.bd/products/veithdia-polarized-sunglass-for-men-sun-glass-for-men-i214292877.html
Veithdia Polarized Sunglass For Men - Sun Glass For Men - Sun Glass For Men - Sun Glass For Men - Sun Glass,https://img.drz.lazcdn.com/static/bd/p/8bcb53eaa4e2e8c49739e21b1c81d41f.jpg_200x200q80.avif,https://www.daraz.com.bd/products/veithdia-polarized-sunglass-for-men-sun-glass-for-men-sun-glass-for-men-sun-glass-for-men-sun-glass-i208507779.html
New Brand Designer Classic Polarized Round Sunglasses,https://img.drz.lazcdn.com/static/bd/p/0a3adfe2ded7471eeb8fb1afd7eda91e.jpg_200x200q80.avif,https://www.daraz.com.bd/products/-i131422672.html
New Tiktok Sunglass For Man - Sun Glass For Men,https://img.drz.lazcdn.com/static/bd/p/03a0ee6b947e371dfe473fd36701cf27.jpg_200x200q80.avif,https://www.daraz.com.bd/products/new-tiktok-sunglass-for-man-sun-glass-for-men-i226062628.html
Sunglasses 2021 Fashion Small Box Metal Frame Rectangle Glasses The New Vintage Men And Women Luxury Designer Driving Eyeglasses - Sun Glass For Men - Sunglasses For Men - - Sun Glass For Men - Sun Glass For Men - Sun Glass,https://img.drz.lazcdn.com/static/bd/p/1119aec2655f2963b35a0cf6019adf32.jpg_200x200q80.avif,https://www.daraz.com.bd/products/sunglasses-2021-fashion-small-box-metal-frame-rectangle-glasses-the-new-vintage-men-and-women-luxury-designer-driving-eyeglasses-sun-glass-for-men-sunglasses-for-men-sun-glass-for-men-sun-glass-for-men-sun-glass-i244129983.html
Heavy Stylish Black Sunglasses For Men - Sun Glass For Men,https://img.drz.lazcdn.com/static/bd/p/e21459778139b41d845ea944d340dd19.jpg_200x200q80.avif,https://www.daraz.com.bd/products/-i159318818.html
hot Square Frame Sunglasses for Men Original Driving Driver Exclusive Vintage Casual Sunscreen Glasses Shades for Male 2024 Fishing Tide Korean Version Style Unisex 1297,https://img.drz.lazcdn.com/static/bd/p/c702cb93216c82e0aaed25ea7789911d.jpg_200x200q80.avif,https://www.daraz.com.bd/products/2024-1297-i366133220.html
white Lens White Frame Sunglasses for Men,https://img.drz.lazcdn.com/static/bd/p/18c4f4d74a5b10c44218342510634fa3.jpg_200x200q80.avif,https://www.daraz.com.bd/products/-i314173678.html
New 2022 Trendy Look Very Stylish Black Sunglass for Men - Sun Glass For Men,https://img.drz.lazcdn.com/static/bd/p/c702cb93216c82e0aaed25ea7789911d.jpg_200x200q80.avif,https://www.daraz.com.bd/products/2022-i373283847.html
Best Qualityfull Sunglass For Men Polarized Sunglass Black Colour,https://img.drz.lazcdn.com/g/kf/S2475ba8b71d2495b92593ffca9822e10O.jpg_200x200q80.avif,https://www.daraz.com.bd/products/-i370508395.html
"Unisex Smart Sunglasses with Hi-Res Audio, HD UV Protection, Wireless Calls & Music, Long Battery Life, Rechargeable, Touchpad Control By Latfu",https://img.drz.lazcdn.com/static/bd/p/0d0387aca50de450d45bdb56098ad492.jpg_200x200q80.avif,https://www.daraz.com.bd/products/hd-uv-i523344744.html
New Tiktok Veithdia Polarized Sunglass For Men - Sun Glass For Men - Sun Glass,https://img.drz.lazcdn.com/static/bd/p/8bcb53eaa4e2e8c49739e21b1c81d41f.jpg_200x200q80.avif,https://www.daraz.com.bd/products/new-tiktok-veithdia-polarized-sunglass-for-men-sun-glass-for-men-sun-glass-i227160984.html
High Quality New Trendy Look Sunglasses - Sun Glasses For Men,https://img.drz.lazcdn.com/static/bd/p/b02092063b95692a583ac7d5972d5502.jpg_200x200q80.avif,https://www.daraz.com.bd/products/-i227795758.html
VEITHDIA Polarized Sunglass for Men,https://img.drz.lazcdn.com/static/bd/p/8bcb53eaa4e2e8c49739e21b1c81d41f.jpg_200x200q80.avif,https://www.daraz.com.bd/products/veithdia-i209833323.html
Fashionable Build Qualityfull Sunglasses For Men - Sun Glass For Men,https://img.drz.lazcdn.com/static/bd/p/d64df7ea0d1b13c7bd32bbc10282e866.jpg_200x200q80.avif,https://www.daraz.com.bd/products/fashionable-build-qualityfull-sunglasses-for-men-sun-glass-for-men-i168374753.html
New Men Fashionable Black Vision Driving UV Protection Party Best Sunglasses - Sun Glass For Men,https://img.drz.lazcdn.com/static/bd/p/d7f13cb0449265ed47d4847a57e35071.jpg_200x200q80.avif,https://www.daraz.com.bd/products/uv-i256520534.html
Anti blue rays computer Glasses Men,https://img.drz.lazcdn.com/static/bd/p/f577216f97468870793fd9b624f3b533.jpg_200x200q80.avif,https://www.daraz.com.bd/products/-i323437449.html
High Quality New Trendy Look Sunglass for Men - Sun Glass For Men,https://img.drz.lazcdn.com/static/bd/p/08521251c18ff9edb3c752cd21ac6b08.jpg_200x200q80.avif,https://www.daraz.com.bd/products/-i325879423.html
sunglass sunglass for man tiktok sunglass likee sunglass mens sunglass new sunglass new stylist sunglass new desing sunglass,https://img.drz.lazcdn.com/static/bd/p/8064a667a7a4095c65b0e6c66fe90aa1.jpg_200x200q80.avif,https://www.daraz.com.bd/products/-i208790033.html
Men's Polarized Sunglasses protection sunglasses fashion Sun Glasses UV400 sunscreen Eyeglasses for fashion accessories summer,https://img.drz.lazcdn.com/g/kf/Sab12535a49d2467c86f650751377b0008.jpg_200x200q80.avif,https://www.daraz.com.bd/products/uv400-i464832135.html
Ray Ban polarized sunglasses for man,https://img.drz.lazcdn.com/static/bd/p/441636a444d46f0630598048f4ab0e4b.jpg_200x200q80.avif,https://www.daraz.com.bd/products/ray-ban-i123497522.html
black most popular sunglass for men Luxury Quality,https://img.drz.lazcdn.com/g/kf/Sf56cb03323364f998c3b6642b54730faD.jpg_200x200q80.avif,https://www.daraz.com.bd/products/-i349371615.html
Fashionable Winter Trendy driving Sport Square Sunglasses for Men,https://img.drz.lazcdn.com/static/bd/p/e3e96b2c5b9201c8590c9b0490b38caf.jpg_200x200q80.avif,https://www.daraz.com.bd/products/-i247353875.html
Anti-reflective UV400 Squre shape sunglass for man,https://img.drz.lazcdn.com/static/bd/p/45eca1d535b7d3d5fef4d0c0b9380597.jpg_200x200q80.avif,https://www.daraz.com.bd/products/uv400-i324201721.html
NEW TIKTOK VEITHDIA Polarized Sunglass for Men,https://img.drz.lazcdn.com/static/bd/p/9ecceb3196ea33db2885cf0667565621.jpg_200x200q80.avif,https://www.daraz.com.bd/products/-i248382304.html
Full White Frame Sunglasses For Men,https://img.drz.lazcdn.com/static/bd/p/4f6db35305851984aef32324a58457f2.jpg_200x200q80.avif,https://www.daraz.com.bd/products/-i124222955.html
Wayfare Classic Black Sunglasses for Men | Timeless Style & UV Protection,https://img.drz.lazcdn.com/g/kf/S1a69be16b9b0442a89b249d92628fef9Z.jpg_200x200q80.avif,https://www.daraz.com.bd/products/wayfare-classic-black-sunglasses-for-men-timeless-style-uv-protection-i466556604.html
Exclusive Fashionable Design Man Sunglass Exclusive Fashionable,https://img.drz.lazcdn.com/static/bd/p/75f2d1e121d59833dcd77b4484daf088.jpg_200x200q80.avif,https://www.daraz.com.bd/products/-i349414841.html
New 6 in 1 (2213) Magnetic Clip Polarized UV Protection Sunglasses Men Magnetic Clip Sunglasses TR90 Magnet Glasses Frame Glasses with Bag #6in1,https://img.drz.lazcdn.com/static/bd/p/1d43170368652c4e8752737cf1f033a3.jpg_200x200q80.avif,https://www.daraz.com.bd/products/6-1-2213-uv-tr90-6in1-i289870862.html
